USER_ID,USERNAME,TASK_COMPLETED_STATUS,TASK_TITLE
2,Ervin Howell,INCOMPLETE,suscipit repellat esse quibusdam voluptatem incidunt
2,Ervin Howell,COMPLETE,distinctio vitae autem nihil ut molestias quo
2,Ervin Howell,INCOMPLETE,et itaque necessitatibus maxime molestiae qui quas velit
2,Ervin Howell,INCOMPLETE,adipisci non ad dicta qui amet quaerat doloribus ea
2,Ervin Howell,COMPLETE,voluptas quo tenetur perspiciatis explicabo natus
2,Ervin Howell,COMPLETE,aliquam aut quasi
2,Ervin Howell,COMPLETE,veritatis pariatur delectus
2,Ervin Howell,INCOMPLETE,nesciunt totam sit blanditiis sit
2,Ervin Howell,INCOMPLETE,laborum aut in quam
2,Ervin Howell,COMPLETE,nemo perspiciatis repellat ut dolor libero commodi blanditiis omnis
2,Ervin Howell,INCOMPLETE,repudiandae totam in est sint facere fuga
2,Ervin Howell,INCOMPLETE,earum doloribus ea doloremque quis
2,Ervin Howell,INCOMPLETE,sint sit aut vero
2,Ervin Howell,INCOMPLETE,porro aut necessitatibus eaque distinctio
2,Ervin Howell,COMPLETE,repellendus veritatis molestias dicta incidunt
2,Ervin Howell,COMPLETE,excepturi deleniti adipisci voluptatem et neque optio illum ad
2,Ervin Howell,INCOMPLETE,sunt cum tempora
2,Ervin Howell,INCOMPLETE,totam quia non
2,Ervin Howell,INCOMPLETE,doloremque quibusdam asperiores libero corrupti illum qui omnis
2,Ervin Howell,COMPLETE,totam atque quo nesciunt
